{"name":"Question Based Grading","description":"","pathmatch":"\/blocks\/edwiser_grader\/grader.php?gdm=question%","enabled":"1","sortorder":"4","configdata":"{\"placement\":\"top\",\"orphan\":\"1\",\"backdrop\":\"1\",\"reflex\":\"1\",\"filtervalues\":{\"category\":[],\"course\":[\"0\"],\"courseformat\":[],\"role\":[],\"theme\":[\"remui\"]},\"majorupdatetime\":1557219376}","version":"2018120300","steps":[{"title":"Question Column","content":"This section lists all the questions that needs to be graded","targettype":"0","targetvalue":".generaltable thead th:first","sortorder":"0","configdata":"{}"},{"title":"To Grade Column","content":"This Column contains all the quiz submissions that has to be graded. \r\n\r\nThe submissions are displayed in numerical.\r\n\r\nSimply click on number and you will be able to grade the quiz. ","targettype":"0","targetvalue":".generaltable thead th:nth-child(4)","sortorder":"1","configdata":"{}"}]}